Trial Number,Suggestion Number,Clock Period (ns) Entered,Clock_Min_Period,Clock Slack (ns),Clock_Worst_Slack,Number of Heads,Number of Columns,Max Context Length,Gbus width,Total Period (ns),ABC Max Fanout,ABC Map Effort,Power (W),Area (um^2),Total Cells,Sequential Cells,Combinational Cells,Sequential_Internal,Sequential_Switching,Sequential_Leakage,Sequential_Total,Combinational_Internal,Combinational_Switching,Combinational_Leakage,Combinational_Total,Num_Wires,Num_Wire_Bits,Num_Public_Wires,Num_Public_Wire_Bits,Num_Cells,Chip_Area,Num_Memories,Num_Memory_Bits,Num_Processes,Total Time(s)
1,1,7.0,4.358,2.413,2.413,1,1,256,8,6.770999999999999,N/A,N/A,0.185,648390.607999,92049,15448,76601,0.103,0.00398,1.29e-07,0.107,0.0344,0.0441,1.42e-07,0.0785,92054,92188,15481,15615,92049,648390.607999,0,0,0,100
1,2,5.0,4.066,0.72,0.72,1,1,8,8,4.786,N/A,N/A,0.236,574726.207999,82055,13464,68591,0.126,0.00478,1.13e-07,0.131,0.0457,0.059,1.38e-07,0.105,82060,82194,13497,13631,82055,574726.207999,0,0,0,85
1,3,5.0,4.953,-0.214,-0.214,1,16,176,8,4.739,N/A,N/A,4.1,9980019.129771,1424637,235968,1188669,2.28,0.119,1.97e-06,2.4,0.77,0.934,2.17e-06,1.7,1424372,1425421,236191,237240,1424637,9980019.129771,0,0,0,1626
1,4,7.0,5.218,1.508,1.508,1,16,16,8,6.726,N/A,N/A,2.76,9170386.377705,1310343,215488,1094855,1.49,0.0813,1.8e-06,1.57,0.537,0.649,2.01e-06,1.19,1310078,1311127,215711,216760,1310343,9170386.377705,0,0,0,1444
1,5,5.0,4.154,0.627,0.627,1,2,8,8,4.781,N/A,N/A,0.479,1140889.2032,162934,26864,136070,0.253,0.0115,2.24e-07,0.264,0.0944,0.12,2.49e-07,0.214,162921,163116,26919,27114,162934,1140889.2032,0,0,0,159
1,6,7.0,4.446,2.32,2.32,1,1,8,8,6.766,N/A,N/A,0.168,574726.207999,82055,13464,68591,0.0902,0.00341,1.13e-07,0.0936,0.0327,0.0421,1.38e-07,0.0748,82060,82194,13497,13631,82055,574726.207999,0,0,0,82
1,7,5.0,3.978,0.813,0.813,1,1,256,8,4.791,N/A,N/A,0.259,648390.607999,92049,15448,76601,0.144,0.00557,1.29e-07,0.149,0.0482,0.0617,1.42e-07,0.11,92054,92188,15481,15615,92049,648390.607999,0,0,0,94
