Trial Number,Suggestion Number,Clock Period (ns) Entered,Clock_Min_Period,Clock Slack (ns),Clock_Worst_Slack,Number of Heads,Number of Columns,Max Context Length,Gbus width,Total Period (ns),ABC Max Fanout,ABC Map Effort,Power (W),Area (um^2),Total Cells,Sequential Cells,Combinational Cells,Sequential_Internal,Sequential_Switching,Sequential_Leakage,Sequential_Total,Combinational_Internal,Combinational_Switching,Combinational_Leakage,Combinational_Total,Num_Wires,Num_Wire_Bits,Num_Public_Wires,Num_Public_Wire_Bits,Num_Cells,Chip_Area,Num_Memories,Num_Memory_Bits,Num_Processes,Total Time(s)
1,0,6.0,5.227,0.497,0.497,4,4,64,64,5.724,N/A,N/A,7.59,29415769.555354,4128425,743092,3385333,5.64,0.18,6.13e-06,5.82,0.809,0.942,5.36e-06,1.75,4127545,4129884,743084,745423,4128425,29415769.555354,0,0,0,4928
2,0,5.0,4.981,-0.243,-0.243,8,2,64,64,4.7379999999999995,N/A,N/A,9.01,29391434.966556,4121150,743160,3377990,6.73,0.211,6.13e-06,6.94,0.961,1.11,5.35e-06,2.07,4119884,4123075,742896,746087,4121150,29391434.966556,0,0,0,4994
2,1,6.0,5.064,0.67,0.67,5,2,64,64,5.734,N/A,N/A,4.77,18358526.032667,2570284,464493,2105791,3.53,0.115,3.83e-06,3.65,0.519,0.596,3.35e-06,1.12,2569459,2571558,464343,466442,2570284,18358526.032667,0,0,0,3112
2,2,5.0,4.821,-0.074,-0.074,11,2,64,64,4.747,N/A,N/A,12.4,40442965.50973,5675148,1021827,4653321,9.25,0.289,8.43e-06,9.54,1.33,1.55,7.32e-06,2.88,5673441,5677724,1021449,1025732,5675148,40442965.50973,0,0,0,6841
3,0,6.0,5.038,0.697,0.697,9,2,64,64,5.735,N/A,N/A,8.52,33112005.788831,4648984,836049,3812935,6.33,0.198,6.9e-06,6.53,0.914,1.06,6.05e-06,1.97,4647571,4651126,835747,839302,4648984,33112005.788831,0,0,0,5634
3,2,6.0,5.064,0.67,0.67,5,2,64,64,5.734,N/A,N/A,4.77,18358526.032667,2570284,464493,2105791,3.53,0.115,3.83e-06,3.65,0.519,0.596,3.35e-06,1.12,2569459,2571558,464343,466442,2570284,18358526.032667,0,0,0,3105
3,3,6.0,5.064,0.67,0.67,5,2,64,64,5.734,N/A,N/A,4.77,18358526.032667,2570284,464493,2105791,3.53,0.115,3.83e-06,3.65,0.519,0.596,3.35e-06,1.12,2569459,2571558,464343,466442,2570284,18358526.032667,0,0,0,3058
