Trial Number,Suggestion Number,Clock Period (ns) Entered,Clock_Min_Period,Clock Slack (ns),Clock_Worst_Slack,Number of Heads,Number of Columns,Max Context Length,Gbus width,Total Period (ns),ABC Max Fanout,ABC Map Effort,Power (W),Area (um^2),Total Cells,Sequential Cells,Combinational Cells,Sequential_Internal,Sequential_Switching,Sequential_Leakage,Sequential_Total,Combinational_Internal,Combinational_Switching,Combinational_Leakage,Combinational_Total,Num_Wires,Num_Wire_Bits,Num_Public_Wires,Num_Public_Wire_Bits,Num_Cells,Chip_Area,Num_Memories,Num_Memory_Bits,Num_Processes,Total Time(s)
1,0,6.0,3.627,2.182,2.182,4,8,88,80,5.808999999999999,N/A,N/A,9.89,48149196.395554,6690083,1251648,5438435,8.92,0.147,1.03e-05,9.07,0.369,0.448,8.03e-06,0.817,6688543,6692602,1251816,1255875,6690083,48149196.395554,0,0,0,9947
2,0,6.0,5.003,0.734,0.734,6,2,48,8,5.737,N/A,N/A,2.37,6993672.486412,999731,164784,834947,1.29,0.0551,1.37e-06,1.34,0.457,0.571,1.57e-06,1.03,999543,1000438,164920,165815,999731,6993672.486412,0,0,0,1066
3,0,5.0,4.647,0.109,0.109,6,1,32,32,4.756,N/A,N/A,2.29,6524377.395204,919586,160884,758702,1.51,0.0608,1.33e-06,1.57,0.331,0.391,1.27e-06,0.722,919149,920392,160803,162046,919586,6524377.395204,0,0,0,1012
4,0,6.0,5.021,0.715,0.715,6,4,16,64,5.736,N/A,N/A,10.7,41347935.948135,5818929,1040886,4778043,7.91,0.266,8.6e-06,8.18,1.18,1.36,7.43e-06,2.54,5817719,5820958,1040854,1044093,5818929,41347935.948135,0,0,0,6909
4,1,5.0,4.856,-0.112,-0.112,4,2,8,32,4.744,N/A,N/A,2.89,8400929.657611,1184022,208288,975734,1.9,0.0682,1.72e-06,1.97,0.414,0.501,1.62e-06,0.915,1183664,1184759,208296,209391,1184022,8400929.657611,0,0,0,1360
4,2,7.0,5.281,1.441,1.441,3,8,232,8,6.7219999999999995,N/A,N/A,4.39,15405780.365402,2201810,364704,1837106,2.46,0.11,3.04e-06,2.57,0.821,1.01,3.36e-06,1.83,2201511,2202868,365008,366365,2201810,15405780.365402,0,0,0,2538
4,3,5.0,3.381,1.441,1.441,5,2,96,96,4.822,N/A,N/A,3.74,15314023.613369,2136680,396342,1740338,3.37,0.0577,3.24e-06,3.43,0.14,0.174,2.69e-06,0.314,2135471,2138338,396182,399049,2136680,15314023.613369,0,0,0,3073
5,0,6.0,3.408,2.413,2.413,5,2,240,96,5.821,N/A,N/A,3.92,19047182.759065,2688461,488502,2199959,3.5,0.0624,3.99e-06,3.56,0.159,0.197,3.37e-06,0.357,2687252,2690119,488342,491209,2688461,19047182.759065,0,0,0,3950
